{"metadata":{"asset_id":"8cdfe9fb-c409-45ec-b42f-d4727c0440a3","asset_attributes":["data_asset"],"name":"incident_sla.csv","asset_type":"data_asset","created_at":"2021-06-15T13:47:46Z","description":"","origin_country":"us","owner_id":"1000331001","project_id":"5d07e21d-6641-4332-9487-695fc6294a49","size":21054333,"tags":[],"usage":{"last_update_time":1623764867615,"last_updated_at":"2021-06-15T13:47:47Z"}},"entity":{"data_asset":{"mime_type":"text/csv","dataset":false}},"attachments":[{"id":"8be3e80e-c7bd-429a-963c-e2fccdc26457","version":2,"asset_type":"data_asset","name":"incident_sla.csv","mime":"text/csv","datasource_type":"81bafdbd-b7c6-45c5-a4fd-6ec135f66f4e","object_key":"data_asset/incident_sla.csv","creator_id":"1000331001","create_time":1623764867614,"size":21054333,"is_remote":false,"is_managed":false,"is_referenced":true,"is_object_key_read_only":true,"is_user_provided_path_key":true,"transfer_complete":true,"is_partitioned":false,"complete_time_ticks":1623764867614,"user_data":{},"test_doc":0,"handle":{"key":"data_asset/incident_sla.csv","upload_id":"done","max_part_num":1},"usage":{"access_count":0,"last_accessor_id":"1000331001","last_access_time":1623764867614}}]}