{"metadata":{"asset_id":"1e61a793-c3d2-4cbe-97f2-19d301edfe9b","asset_attributes":["data_asset"],"name":"incident.csv","asset_type":"data_asset","created_at":"2021-06-15T13:47:46Z","description":"","origin_country":"us","owner_id":"1000331001","project_id":"5d07e21d-6641-4332-9487-695fc6294a49","size":9750386,"tags":[],"usage":{"last_update_time":1623764867805,"last_updated_at":"2021-06-15T13:47:47Z"}},"entity":{"data_asset":{"mime_type":"text/csv","dataset":false}},"attachments":[{"id":"bbf83f49-ea6c-4407-8b5c-0025604aa5fd","version":2,"asset_type":"data_asset","name":"incident.csv","mime":"text/csv","datasource_type":"81bafdbd-b7c6-45c5-a4fd-6ec135f66f4e","object_key":"data_asset/incident.csv","creator_id":"1000331001","create_time":1623764867804,"size":9750386,"is_remote":false,"is_managed":false,"is_referenced":true,"is_object_key_read_only":true,"is_user_provided_path_key":true,"transfer_complete":true,"is_partitioned":false,"complete_time_ticks":1623764867804,"user_data":{},"test_doc":0,"handle":{"key":"data_asset/incident.csv","upload_id":"done","max_part_num":1},"usage":{"access_count":0,"last_accessor_id":"1000331001","last_access_time":1623764867804}}]}