{"metadata":{"asset_id":"8dc7464e-eb7c-4c7d-a994-281ea3a85c9d","asset_attributes":["wml_pipeline"],"name":"IncidentResolutionAutoAI","asset_type":"wml_pipeline","created_at":"2021-06-17T02:56:49Z","description":"","origin_country":"us","owner_id":"1000331001","project_id":"5d07e21d-6641-4332-9487-695fc6294a49","sandbox_id":"5d07e21d-6641-4332-9487-695fc6294a49","size":0,"tags":["dsx-project.5d07e21d-6641-4332-9487-695fc6294a49"],"usage":{"last_update_time":1623898609445,"last_updated_at":"2021-06-17T02:56:49Z"}},"entity":{"wml_pipeline":{"document":{"doc_type":"pipeline","pipelines":[{"id":"autoai","nodes":[{"id":"automl","op":"kube","parameters":{"input_file_separator":",","optimization":{"compute_pipeline_notebooks_flag":true,"daub_adaptive_subsampling_max_mem_usage":9000000000,"holdout_param":0.1,"label":"inc_business_duration","learning_type":"regression","max_num_daub_ensembles":2,"run_cognito_flag":true,"scorer_for_ranking":"neg_root_mean_squared_error","train_sample_columns_index_list":[1,2,3,4,5,6,7,8,12],"train_sample_rows_test_size":0.1},"output_logs":true,"stage_flag":true},"runtime_ref":"autoai","type":"execution_node"}],"runtime_ref":"hybrid"}],"primary_pipeline":"autoai","runtimes":[{"app_data":{"wml_data":{"hardware_spec":{"base_id":"c076e82c-b2a7-4d20-9c0f-1f0c2fdf5a24","name":"M"}}},"id":"autoai","name":"auto_ai.kb"}],"version":"2.0"},"ml_version":"4.0.0"}}}