{"metadata":{"asset_id":"0dc086a7-69e9-42d6-aea1-2682a7802c2e","asset_attributes":["data_asset"],"name":"data.csv","asset_type":"data_asset","created_at":"2021-06-16T19:52:44Z","description":"","origin_country":"us","owner_id":"1000331001","project_id":"6c1d0b8a-2976-44d9-ad7e-b4b7e293a3c9","size":125204,"tags":[],"usage":{"last_update_time":1623873165465,"last_updated_at":"2021-06-16T19:52:45Z"}},"entity":{"data_asset":{"mime_type":"text/csv","dataset":false}},"attachments":[{"id":"7d073bf1-1fb6-4e83-870e-826349501db7","version":2,"asset_type":"data_asset","name":"data.csv","mime":"text/csv","datasource_type":"81bafdbd-b7c6-45c5-a4fd-6ec135f66f4e","object_key":"data_asset/data.csv","creator_id":"1000331001","create_time":1623873165465,"size":125204,"is_remote":false,"is_managed":false,"is_referenced":true,"is_object_key_read_only":true,"is_user_provided_path_key":true,"transfer_complete":true,"is_partitioned":false,"complete_time_ticks":1623873165465,"user_data":{},"test_doc":0,"handle":{"key":"data_asset/data.csv","upload_id":"done","max_part_num":1},"usage":{"access_count":0,"last_accessor_id":"1000331001","last_access_time":1623873165465}}]}