{"metadata":{"asset_id":"136e2f8d-ea93-45e5-88d1-a079b17642c1","asset_attributes":["notebook"],"name":"breast_cancer_tumor_classification","asset_type":"notebook","created_at":"2021-06-17T14:02:50Z","description":"","origin_country":"us","owner_id":"1000331001","project_id":"6c1d0b8a-2976-44d9-ad7e-b4b7e293a3c9","size":2242560,"tags":["notebook"],"usage":{"last_update_time":1623943024318,"last_updated_at":"2021-06-17T15:17:04Z"}},"entity":{"notebook":{"kernel":{"name":"python3","display_name":"Python 3.7","language":"python"},"originates_from":{"type":"file"},"runtime":{"environment":"jupconda37-6c1d0b8a-2976-44d9-ad7e-b4b7e293a3c9"}}},"attachments":[{"id":"ca152fa6-c39a-4b64-89df-af117f96a143","version":2,"asset_type":"notebook","name":"attachment for notebook 136e2f8d-ea93-45e5-88d1-a079b17642c1","description":"attachment for notebook 136e2f8d-ea93-45e5-88d1-a079b17642c1","mime":"application/json","datasource_type":"81bafdbd-b7c6-45c5-a4fd-6ec135f66f4e","object_key":"notebook/breast_cancer_image_classification_LTXZQTSPb.ipynb","creator_id":"1000331001","create_time":1623938571379,"size":2242560,"is_remote":false,"is_managed":false,"is_referenced":true,"is_object_key_read_only":false,"is_user_provided_path_key":true,"transfer_complete":true,"is_partitioned":false,"complete_time_ticks":1623938571379,"user_data":{},"test_doc":0,"handle":{"key":"notebook/breast_cancer_image_classification_LTXZQTSPb.ipynb","upload_id":"done","max_part_num":1},"usage":{"access_count":0,"last_accessor_id":"1000331001","last_access_time":1623938571379}}]}