{"metadata":{"asset_id":"55b3aec7-fcf4-4817-9393-4be7e1f43c07","asset_attributes":["notebook"],"name":"ProjectSetup Jupyter","asset_type":"notebook","created_at":"2021-06-17T17:23:46Z","description":"","origin_country":"us","owner_id":"1000331001","project_id":"adc9ec84-925e-40e7-8e9c-52321e1987c0","size":40045,"tags":["notebook"],"usage":{"last_update_time":1623951368345,"last_updated_at":"2021-06-17T17:36:08Z"}},"entity":{"notebook":{"kernel":{"name":"python3","display_name":"Python 3.7","language":"python"},"originates_from":{"type":"notebook","guid":"5105566a-b276-46c2-a0da-62c68d19b986"},"runtime":{"environment":"jupconda37-adc9ec84-925e-40e7-8e9c-52321e1987c0"}}},"attachments":[{"id":"aac2ba1a-234a-492f-94d3-be91fec781f4","version":2,"asset_type":"notebook","name":"attachment for notebook 55b3aec7-fcf4-4817-9393-4be7e1f43c07","description":"attachment for notebook 55b3aec7-fcf4-4817-9393-4be7e1f43c07","mime":"application/json","datasource_type":"81bafdbd-b7c6-45c5-a4fd-6ec135f66f4e","object_key":"notebook/ProjectSetup_RStudio_copy_1_PS9o2shMe.ipynb","creator_id":"1000331001","create_time":1623950626907,"size":40045,"is_remote":false,"is_managed":false,"is_referenced":true,"is_object_key_read_only":false,"is_user_provided_path_key":true,"transfer_complete":true,"is_partitioned":false,"complete_time_ticks":1623950626907,"user_data":{},"test_doc":0,"handle":{"key":"notebook/ProjectSetup_RStudio_copy_1_PS9o2shMe.ipynb","upload_id":"done","max_part_num":1},"usage":{"access_count":0,"last_accessor_id":"1000331001","last_access_time":1623950626907}}]}