{"metadata":{"asset_id":"b142f11c-5861-4682-ba23-f59930f02c55","asset_attributes":["notebook"],"name":"ProjectSetup","asset_type":"notebook","created_at":"2021-06-17T15:55:15Z","description":"","origin_country":"us","owner_id":"icp4d-dev","project_id":"adc9ec84-925e-40e7-8e9c-52321e1987c0","size":119672,"tags":["notebook"],"usage":{"last_update_time":1623950059702,"last_updated_at":"2021-06-17T17:14:19Z"}},"entity":{"notebook":{"kernel":{"name":"python3","display_name":"Python 3.7","language":"python"},"originates_from":{"type":"file"},"runtime":{"environment":"jupconda37-adc9ec84-925e-40e7-8e9c-52321e1987c0"}}},"attachments":[{"id":"4041ddfd-27e8-404d-92fb-cb733e7c137a","version":2,"asset_type":"notebook","name":"attachment for notebook b142f11c-5861-4682-ba23-f59930f02c55","description":"attachment for notebook b142f11c-5861-4682-ba23-f59930f02c55","mime":"application/json","datasource_type":"81bafdbd-b7c6-45c5-a4fd-6ec135f66f4e","object_key":"notebook/ProjectSetup_oiZIFb-T6.ipynb","creator_id":"1000331001","create_time":1623945315410,"size":119672,"is_remote":false,"is_managed":false,"is_referenced":true,"is_object_key_read_only":false,"is_user_provided_path_key":true,"transfer_complete":true,"is_partitioned":false,"complete_time_ticks":1623945315410,"user_data":{},"test_doc":0,"handle":{"key":"notebook/ProjectSetup_oiZIFb-T6.ipynb","upload_id":"done","max_part_num":1},"usage":{"access_count":0,"last_accessor_id":"1000331001","last_access_time":1623945315410}}]}