{"metadata":{"asset_id":"5105566a-b276-46c2-a0da-62c68d19b986","asset_attributes":["notebook"],"name":"ProjectSetup RStudio","asset_type":"notebook","created_at":"2021-06-17T16:55:34Z","description":"","origin_country":"us","owner_id":"1000331001","project_id":"adc9ec84-925e-40e7-8e9c-52321e1987c0","size":26140,"tags":["notebook"],"usage":{"last_update_time":1623951367371,"last_updated_at":"2021-06-17T17:36:07Z"}},"entity":{"notebook":{"kernel":{"name":"python3","display_name":"Python 3.7","language":"python"},"originates_from":{"type":"notebook","guid":"b142f11c-5861-4682-ba23-f59930f02c55"},"runtime":{"environment":"jupconda37-adc9ec84-925e-40e7-8e9c-52321e1987c0"}}},"attachments":[{"id":"344ac9b8-06fd-46be-9c50-aab649183e7d","version":2,"asset_type":"notebook","name":"attachment for notebook 5105566a-b276-46c2-a0da-62c68d19b986","description":"attachment for notebook 5105566a-b276-46c2-a0da-62c68d19b986","mime":"application/json","datasource_type":"81bafdbd-b7c6-45c5-a4fd-6ec135f66f4e","object_key":"notebook/ProjectSetup_copy_1_FwnxRGhTQ.ipynb","creator_id":"1000331001","create_time":1623948934843,"size":26140,"is_remote":false,"is_managed":false,"is_referenced":true,"is_object_key_read_only":false,"is_user_provided_path_key":true,"transfer_complete":true,"is_partitioned":false,"complete_time_ticks":1623948934843,"user_data":{},"test_doc":0,"handle":{"key":"notebook/ProjectSetup_copy_1_FwnxRGhTQ.ipynb","upload_id":"done","max_part_num":1},"usage":{"access_count":0,"last_accessor_id":"1000331001","last_access_time":1623948934843}}]}