{"metadata":{"asset_id":"a2196118-b566-4960-97dc-9013a3fc11f9","asset_attributes":["notebook"],"name":"ProjectSetup","asset_type":"notebook","created_at":"2021-06-16T19:08:36Z","description":"","origin_country":"us","owner_id":"1000331001","project_id":"276a3dfe-f556-4a04-90ba-c16660518431","size":123212,"tags":["notebook"],"usage":{"last_update_time":1623872220450,"last_updated_at":"2021-06-16T19:37:00Z"}},"entity":{"notebook":{"kernel":{"name":"python3","display_name":"Python 3.7","language":"python"},"originates_from":{"type":"file"},"runtime":{"environment":"jupconda37-276a3dfe-f556-4a04-90ba-c16660518431"}}},"attachments":[{"id":"86abd171-2f91-4f5f-98dd-21c0948e3a2f","version":2,"asset_type":"notebook","name":"attachment for notebook a2196118-b566-4960-97dc-9013a3fc11f9","description":"attachment for notebook a2196118-b566-4960-97dc-9013a3fc11f9","mime":"application/json","datasource_type":"81bafdbd-b7c6-45c5-a4fd-6ec135f66f4e","object_key":"notebook/ProjectSetup_oiZIFb-T6.ipynb","creator_id":"1000331001","create_time":1623870516398,"size":123212,"is_remote":false,"is_managed":false,"is_referenced":true,"is_object_key_read_only":false,"is_user_provided_path_key":true,"transfer_complete":true,"is_partitioned":false,"complete_time_ticks":1623870516398,"user_data":{},"test_doc":0,"handle":{"key":"notebook/ProjectSetup_oiZIFb-T6.ipynb","upload_id":"done","max_part_num":1},"usage":{"access_count":0,"last_accessor_id":"1000331001","last_access_time":1623870516398}}]}