{"metadata":{"asset_id":"104572fa-4987-4691-9198-f7f563279b31","asset_attributes":["data_asset"],"name":"pubmed_dataset.rds","asset_type":"data_asset","created_at":"2021-06-17T12:08:21Z","description":"","origin_country":"us","owner_id":"1000331001","project_id":"1793989a-45e4-4355-92f2-11970a43cc36","size":535724,"tags":[],"usage":{"last_update_time":1623931702168,"last_updated_at":"2021-06-17T12:08:22Z"}},"entity":{"data_asset":{"mime_type":"application/octet-stream","dataset":false}},"attachments":[{"id":"6140b825-8bdd-4e70-be30-6202bb6541ed","version":2,"asset_type":"data_asset","name":"pubmed_dataset.rds","mime":"application/octet-stream","datasource_type":"81bafdbd-b7c6-45c5-a4fd-6ec135f66f4e","object_key":"data_asset/pubmed_dataset.rds","creator_id":"1000331001","create_time":1623931702167,"size":535724,"is_remote":false,"is_managed":false,"is_referenced":true,"is_object_key_read_only":true,"is_user_provided_path_key":true,"transfer_complete":true,"is_partitioned":false,"complete_time_ticks":1623931702167,"user_data":{},"test_doc":0,"handle":{"key":"data_asset/pubmed_dataset.rds","upload_id":"done","max_part_num":1},"usage":{"access_count":0,"last_accessor_id":"1000331001","last_access_time":1623931702167}}]}