{"metadata":{"asset_id":"ba487866-375e-466d-9c90-b5fb10d5ba45","asset_attributes":["data_asset"],"name":"pubmed_topic_model.Rmd","asset_type":"data_asset","created_at":"2021-06-16T16:55:28Z","description":"","origin_country":"us","owner_id":"1000331001","project_id":"1793989a-45e4-4355-92f2-11970a43cc36","size":3827,"tags":[],"usage":{"last_update_time":1623862529679,"last_updated_at":"2021-06-16T16:55:29Z"}},"entity":{"data_asset":{"mime_type":"application/octet-stream","dataset":false}},"attachments":[{"id":"ef2f5f5c-144c-4294-836b-fac709579bde","version":2,"asset_type":"data_asset","name":"pubmed_topic_model.Rmd","mime":"application/octet-stream","datasource_type":"81bafdbd-b7c6-45c5-a4fd-6ec135f66f4e","object_key":"data_asset/pubmed_topic_model.Rmd","creator_id":"1000331001","create_time":1623862529678,"size":3827,"is_remote":false,"is_managed":false,"is_referenced":true,"is_object_key_read_only":true,"is_user_provided_path_key":true,"transfer_complete":true,"is_partitioned":false,"complete_time_ticks":1623862529678,"user_data":{},"test_doc":0,"handle":{"key":"data_asset/pubmed_topic_model.Rmd","upload_id":"done","max_part_num":1},"usage":{"access_count":0,"last_accessor_id":"1000331001","last_access_time":1623862529678}}]}