{"metadata":{"asset_id":"e9cf0a06-4f03-4db3-9b70-46e041a051d3","asset_attributes":["data_asset"],"name":"helpers.R","asset_type":"data_asset","created_at":"2021-06-16T16:55:28Z","description":"","origin_country":"us","owner_id":"1000331001","project_id":"1793989a-45e4-4355-92f2-11970a43cc36","size":7392,"tags":[],"usage":{"last_update_time":1623862529671,"last_updated_at":"2021-06-16T16:55:29Z"}},"entity":{"data_asset":{"mime_type":"application/octet-stream","dataset":false}},"attachments":[{"id":"f06e957b-bf4a-4962-91d4-4c1f8f5609c6","version":2,"asset_type":"data_asset","name":"helpers.R","mime":"application/octet-stream","datasource_type":"81bafdbd-b7c6-45c5-a4fd-6ec135f66f4e","object_key":"data_asset/helpers.R","creator_id":"1000331001","create_time":1623862529670,"size":7392,"is_remote":false,"is_managed":false,"is_referenced":true,"is_object_key_read_only":true,"is_user_provided_path_key":true,"transfer_complete":true,"is_partitioned":false,"complete_time_ticks":1623862529670,"user_data":{},"test_doc":0,"handle":{"key":"data_asset/helpers.R","upload_id":"done","max_part_num":1},"usage":{"access_count":0,"last_accessor_id":"1000331001","last_access_time":1623862529670}}]}