{"metadata":{"asset_id":"fc0fbfb2-d3d4-4cbc-92f2-da5e0e4aca5d","asset_attributes":["environment"],"name":"RStudio","asset_type":"environment","created_at":"2021-06-17T12:11:41Z","description":"","origin_country":"us","owner_id":"1000331001","project_id":"1793989a-45e4-4355-92f2-11970a43cc36","sandbox_id":"1793989a-45e4-4355-92f2-11970a43cc36","size":0,"tags":["dsx"],"usage":{"last_update_time":1623931901474,"last_updated_at":"2021-06-17T12:11:41Z"}},"entity":{"environment":{"sub_type":"rstudio","display_name":"RStudio","hardware_specification":{"type":"referenced","guid":"63d98b96-8dc4-448a-b012-6c45c2d9c89d"},"software_specification":{"type":"referenced","guid":"0e6e79df-875e-4f24-8ae9-62dcc2148306"},"tools_specification":{"supported_kernels":[{"name":"R","language":"R","version":"3.6","display_name":"R 3.6"}]},"runtime_definition":"rstudio"}}}