{"metadata":{"asset_id":"63d98b96-8dc4-448a-b012-6c45c2d9c89d","asset_attributes":["hardware_specification"],"name":"RStudio","asset_type":"hardware_specification","created_at":"2021-06-17T12:11:41Z","description":"","origin_country":"us","owner_id":"1000331001","project_id":"1793989a-45e4-4355-92f2-11970a43cc36","sandbox_id":"1793989a-45e4-4355-92f2-11970a43cc36","size":0,"tags":["dsx"],"usage":{"last_update_time":1623931901261,"last_updated_at":"2021-06-17T12:11:41Z"}},"entity":{"hardware_specification":{"nodes":{"cpu":{"units":"2","model":""},"mem":{"size":"2Gi"}}}}}