{"metadata":{"asset_id":"41371ed9-6269-4a42-97c5-6652ed4cd15c","asset_attributes":["data_asset"],"name":"incident_shaped.csv","asset_type":"data_asset","created_at":"2021-06-15T13:57:28Z","description":"","origin_country":"us","owner_id":"1000331001","project_id":"5d07e21d-6641-4332-9487-695fc6294a49","size":23993829,"tags":[],"usage":{"last_update_time":1623765449327,"last_updated_at":"2021-06-15T13:57:29Z"}},"entity":{"data_asset":{"mime_type":"text/csv","dataset":true,"properties":[{"name":"encoding","value":"UTF-8"},{"name":"file_format","value":"csv"},{"name":"first_line_header","value":"TRUE"}]}},"attachments":[{"id":"ae89f73a-4f7e-4ad6-a375-a65dd2e1ac83","version":2,"asset_type":"data_asset","name":"incident_shaped.csv","mime":"text/csv","datasource_type":"81bafdbd-b7c6-45c5-a4fd-6ec135f66f4e","object_key":"data_asset/incident_shaped_csv_azsihha9rl88czc8u7iizogli.csv","creator_id":"1000331001","create_time":1623765449101,"size":23993829,"is_remote":false,"is_managed":false,"is_referenced":true,"is_object_key_read_only":false,"is_user_provided_path_key":true,"transfer_complete":true,"is_partitioned":false,"complete_time_ticks":1623765449101,"user_data":{},"test_doc":0,"handle":{"key":"data_asset/incident_shaped_csv_azsihha9rl88czc8u7iizogli.csv","upload_id":"done","max_part_num":1},"usage":{"access_count":0,"last_accessor_id":"1000331001","last_access_time":1623765449101}}]}