{"metadata":{"asset_id":"75d3adf6-acd6-455d-a527-0f492d2602e9","asset_attributes":["data_flow"],"name":"incident_cleaning_flow","asset_type":"data_flow","created_at":"2021-06-15T13:55:15Z","description":"","origin_country":"us","owner_id":"1000331001","project_id":"5d07e21d-6641-4332-9487-695fc6294a49","size":4912,"tags":[],"usage":{"last_update_time":1623785027890,"last_updated_at":"2021-06-15T19:23:47Z"}},"entity":{"data_flow":{"_entity_only":false}},"attachments":[{"id":"b9e283cf-0c47-4390-ae9d-50c352727048","version":2,"asset_type":"data_flow","name":"data_flow","description":"","mime":"application/json","datasource_type":"81bafdbd-b7c6-45c5-a4fd-6ec135f66f4e","object_key":"data_flow/incident_cleaning_flow","creator_id":"1000331001","create_time":1623765315789,"size":4912,"is_remote":false,"is_managed":false,"is_referenced":true,"is_object_key_read_only":false,"is_user_provided_path_key":true,"transfer_complete":true,"is_partitioned":false,"complete_time_ticks":1623765315789,"user_data":{},"test_doc":0,"handle":{"key":"data_flow/incident_cleaning_flow","upload_id":"done","max_part_num":1},"usage":{"access_count":2,"last_accessor_id":"1000331001","last_access_time":1623785027677,"last_updater_id":"1000331001","last_update_time":1623785027677}}]}