{"metadata":{"asset_id":"23526500-a9e3-41f2-90d4-8a59614f3e3a","asset_attributes":["job"],"name":"IncidentDataSetCleaning","asset_type":"job","created_at":"2021-06-15T13:56:23Z","description":"","origin_country":"us","owner_id":"1000331001","project_id":"5d07e21d-6641-4332-9487-695fc6294a49","size":0,"tags":[],"usage":{"last_update_time":1623765383882,"last_updated_at":"2021-06-15T13:56:23Z"}},"entity":{"job":{"asset_ref_type":"data_flow","configuration":{"env_id":"shaper_rruntime","env_name":"Default Data Refinery XS","env_type":"shaper_rruntime","env_variables":[]},"last_run_initiator":"None","last_run_time":"","last_run_status":"None","last_run_status_timestamp":0,"project_name":"AutoAIIncidentResolution","asset_ref":"75d3adf6-acd6-455d-a527-0f492d2602e9"}}}