{"metadata":{"asset_id":"2c3e2821-31a3-4ee6-a0c6-5d5e20ab1925","asset_attributes":["wml_pipeline"],"name":"IncidentResolutionAutoAI","asset_type":"wml_pipeline","created_at":"2021-06-15T14:14:42Z","description":"","origin_country":"us","owner_id":"1000331001","project_id":"5d07e21d-6641-4332-9487-695fc6294a49","sandbox_id":"5d07e21d-6641-4332-9487-695fc6294a49","size":0,"tags":["dsx-project.5d07e21d-6641-4332-9487-695fc6294a49"],"usage":{"last_update_time":1623766482941,"last_updated_at":"2021-06-15T14:14:42Z"}},"entity":{"wml_pipeline":{"document":{"doc_type":"pipeline","pipelines":[{"id":"autoai","nodes":[{"id":"automl","op":"kube","parameters":{"input_file_separator":",","optimization":{"compute_pipeline_notebooks_flag":true,"daub_adaptive_subsampling_max_mem_usage":15000000000,"holdout_param":0.1,"label":"inc_business_duration","learning_type":"regression","max_num_daub_ensembles":2,"run_cognito_flag":true,"scorer_for_ranking":"neg_root_mean_squared_error","train_sample_columns_index_list":[1,2,3,4,5,6,7,8,9,12],"train_sample_rows_test_size":0.1},"output_logs":true,"stage_flag":true},"runtime_ref":"autoai","type":"execution_node"}],"runtime_ref":"hybrid"}],"primary_pipeline":"autoai","runtimes":[{"app_data":{"wml_data":{"hardware_spec":{"base_id":"a6c4923b-b8e4-444c-9f43-8a7ec3020110","name":"L"}}},"id":"autoai","name":"auto_ai.kb"}],"version":"2.0"},"ml_version":"4.0.0"}}}